지문,정답,해설
헌법의 기본권은 특별한 사정이 없으면 사법관계에 직접 적용된다,x,간접적으로 적용된다
관습법에 앞서 적용되는 법률이란 국회에서 제정된 법률만을 말한다,x,민법 제1조의 '법률'은 국회 제정 법률뿐만 아니라 명령·규칙·조례·조약 등 모든 성문법령을 의미
대법원이 정한 공탁규칙은 민법의 법원이 될 수 없다,x,공탁규칙은 성문법령으로 민법의 법원임
관습법에 의한 분묘기지권은 더 이상 인정되지 않는다,x,인정된다
"무권대리인이 무권대리행위 후 단독으로 본인의 지위를 상속한 경우, 본인의 지위에서 그 무권대리행위의 추인을 거절하는 것은 신의칙에 반한다",o,무권대리인이 본인을 단독상속한 후 자신이 한 무권대리행위의 추인을 거절하는 것은 금반언의 원칙 및 신의칙에 반하여 허용되지 않는다.
권리남용금지의 원칙은 본래적 의미의 권리뿐만 아니라 법인격의 남용에도 적용된다,o,권리남용금지의 원칙(민법 제2조 제2항)은 일반적인 권리행사뿐만 아니라 법인격을 악용하는 법인격 남용의 경우에도 적용된다.
강행법규를 위반한 자가 스스로 강행법규 위반을 이유로 약정의 무효를 주장하는 것은 특별한 사정이 없는 한 신의칙에 반한다.,x,신의칙에 반하지 않는다
현행 민법은 태아의 권리능력에 관하여 일반적 보호주의를 취한다,x,개별적 보호주의를 취한다
태아는 불법행위로 인한 손해배상청구권에 관하여 이미 출생한 것으로 추정한다,x,추정한다> 본다
행위능력제도는 자기책임의 원칙을 구현하여 거래의 안전을 도모하기 위한 것이다,x,미성년자의 개인의 이익을 보호하는 민법의 근본결단
유언행위는 16세인 미성년자가 단독으로 유효하게 할 수 없는 법률행위이다,o,만17세에 달하지 못한자는 유언을 하지 못한다
가정법원은 피성년후견인이 성년후견인의 동의를 받아야 하는 법률행위의 범위를 정할 수 있다,x,취소할수 없는 법률행위의 범위를 정할 수 있다
가정법원은 피한정후견인이 한정후견인의 동의를 받아야 하는 법률행위의 범위를 정할 수 있다,o,가정법원은 피한정후견인이 한정후견인의 동의를 받아야 하는 법률행위의 범위를 정할 수 있다(민법 제12조 제1항).
특정후견의 심판이 있은 후에 피특정후견인이 특정후견인의 동의없이 재산상의 법률 행위를 하더라도 이는 취소의 대상이 되지 않는다,o,"특정후견은 행위능력을 제한하지 않으므로, 피특정후견인이 동의 없이 한 행위라도 행위능력 부족을 이유로 취소할 수 없다."
피성년후견인 甲이 법정대리인 乙의 동의서를 위조하는 방법으로 乙의 동의가 있는 것 처럼 믿게 하여 자기 소유 건물을 丙에게 매각하는 계약을 체결하였다. 丙은 甲을 상대로 계약의 추인여부에 대한 확답을 촉구할 수 있다,x,상대방 丙이 촉구할 수 있는 대상: 피성년후견인 甲 (X) / 법정대리인 乙 (O)
제한능력자와 계약을 맺은 선의의 상대방은 추인이 있기 전까지 의사표시를 거절할 수 있다,x,거절은 계약상대자가 하는 것으로 상대방은 철회하여야 한다
피성년후견인 甲이 법정대리인 乙의 동의서를 위조하는 방법으로 乙의 동의가 있는 것 처럼 믿게 하여 자기 소유 건물을 丙에게 매각하는 계약을 체결하였다. 乙은 丙 상대로 계약을 취소할 수 있다,o,"제한능력자의 속임수로 인한 취소권 배제(제17조)는 '능력자'로 믿게 한 경우에 적용되며, 동의서를 위조한 피성년후견인은 동의만으로 행위할 수 없으므로 취소권이 배제되지 않는다."
법원이 선임한 재산관리인은 법원의 허가 없이 부재자의 재산에 대한 차임을 청구할 수 있다,o,차임 청구는 재산의 보존 및 이용·개량행위에 해당하므로 법원의 허가 없이도 재산관리인이 할 수 있다.
부재자가 스스로 위임한 재산관리인에게 재산처분권까지 준 경우에도 그 재산관리인은 재산처분에 법원의 허가를 얻어야 한다,x,별도로 허가를 얻을 필요가 없다
후순위 상속인도 실종선고를 청구할 수 있는 이해관계인에 포함된다,x,"후순위 상속인은 이해관계인인 아니다(실종선고를 청구할 수 있는 이해관계인에는 실종선고로 인해 직접적인 법률상 권리·의무의 변동을 받는 1순위 공동상속인, 선순위자의 상속포기로 직접 상속권을 얻은 후순위 상속인, 유증을 받은 자, 실종자의 채권자·채무자·보증인 및 배우자가 포함됩니다.)"
실종선고를 받아 사망으로 간주된 자는 실종선고가 취소되지 않는 한 반증을 통해 그 효력을 번복할 수 없다,o,실종선고에 의한 사망추정이 아닌 사망간주의 효력은 실종선고 취소절차를 거치지 않는 한 단순한 반증만으로 번복되지 않는다.
실종선고 취소의 청구를받은 가정법원은 공시최고의 절차를 거칠 필요가 없다,o,공시최고의 절차는 실종선고시에만 필요하다
2인 이상이 동일한 위난으로 사망한 경우엔느 동시에 사망한 것으로 본다,x,본다>추정한다
피상속인과 그의 직계비속 또는 형제자매가 동시에 사망한 것으로 추정되는 경우에도 대습상속이 인정된다,o,"대습상속=대신상속, 아들의 자녀나 배우자"
사단법인의 하부조직 중 하나라 하더라도 스스로 단체의 실체를 갖추고 독자활동을 한다면 독립된 법인 아닌 사단으로 볼 수 있다,o,법인의 하부조직이라도 독자적인 규약과 대표자를 두고 독립된 단체로서 활동하면 비법인사단으로 인정될 수 있다.
법인은 법률의 규정에 좇아 정관으로 정한 목적의 범위내에서 권리와 의무를 주체가 된다는 민법 제34조는 정관이 있는 비법인사단에 유추적용할 수 있다,o,권리능력 없는 사단(비법인사단)도 대표자를 통해 목적 범위 내에서 권리·의무의 주체가 되므로 민법 제34조가 유추적용된다.
"대표권 없는 이사가 그 직무와 관련하여 타인에게 손해를 가한 경우, 법인의불법행위책임이 성립한다",x,대표권없는 이사에게 책임이 성립하지 않는 다. (사실상대표는 책임o)
법인의 책임이 성립하는 경우 특별한 사정이 없는 한 사원이 그 사항의 총회의결에 찬성했다는 사실만으로 법인과 연대책임이 부담하지는 않는다.,o,"다만, 해당 사원의 행위가 찬성 의결을 넘어 독자적인 불법행위 요건(고의·과실, 위법성, 인과관계 등)을 직접 충족하는 등 특별한 사정이 있는 경우에만 예외적으로 사원 개인의 불법행위책임이 성립할 수 있습니다."
비법인사단의 대표자가 외관상 객관적 직무에 관한 행위로 인정될 수 있으면 그의 행위가 직무에 관한것이 아님을 피해자가 중대한 사실로 알지 못 한 경우에도 비법인사단에게 손해배상책임을 물을 수 있다.,x,중대한 과실로 알지 못한 경우에는 책임을 물을 수 없다.
재단법인의 정관변경은 그 변경방법을 정관에서 정한때에도 주무관청의 허가를 얻지 않으면 그 효력이 없다,o,"재단법인의 정관변경은 정관에 변경방법이 규정되어 있더라도 주무관청의 허가를 얻지 않으면 효력이 없다(민법 제45조, 제46조)."
이사의 변경등기는 대항요건이 아니라 효력발생요건이다.,x,"효력발생요건이 아니라 대항요건이다. 효력발생요건 = ""우리 둘 사이에 권리가 생겼는가?"" (생성 여부) 대항요건 = ""생긴 권리를 남(제3자)한테도 주장할 수 있는가?"" (방어 여부)"
사단법인의 사원의 지위를 양도 상속할 수 있다는 규약은 강행규정이 아니다,o,임의 규정이므로 정관으로 달리 정하는 것이 허용된다
사단법인의 사원의 지위는 양도 또는 상속할 수 없고 이는 정관으로 달리 정할 수 없다,x,임의 규정이므로 정관으로 달리 정하는 것이 허용된다
사단법인 이사의 대표권 제한은 등기되어 있지 않았다고 하더라고 정관에 그 기재가 있는 한 악의의 제3자에게 대항할 수 있다.,x,등기하지않으면 악의의 제3자에게 대항할 수 없다
이사의 대표권에 대한 제한은 등기하지 아니하면 제3자에게 대항하지 못하는 민법 제60조는 정ㅈ관에 있는 비법인사단에도 유추적용할 수 없다,o,"비법인사단은 등기 능력이 없어 대표권 제한을 등기할 수 없으므로, 민법 제60조(등기하지 않은 대표권 제한의 대항 불가)는 유추적용되지 않는다."
"법인 사단은 대표권제한을 등기할 수 없으므로 거래상대방이 사원총회가 대표권 제한을 결의한 사실을 몰랐고 모른데 잘못이 없으면,제한을넘는 이사의 거래행위는 유효하다",o,"비법인사단의 대표권 제한은 등기할 수 없으므로, 상대방이 선의·무과실인 경우 그 대표권 제한을 이유로 무효를 주장할 수 없어 거래행위는 유효하다."
이사에 의해 선임된 대리인은 법인의 대표기관이 아니다,o,이사가 선임한 대리인은 특정 행위에 대한 대리인일 뿐 법인의 기관(대표기관)이 아니다.
이사의 선임에 관한 민법 제63조는 비법인사단에 유추적용될 수 없다,x,63조는 임시이사선임에 관한 규정
특별대리인은 임시기관으로 법인의 대표기관이다,o,특별대리인은 법인과 이사의 이익이 상반하는 사항 등에 대해 법인을 대표하는 임시 대표기관이다(민법 제64조).
소집절차에 하자 있어 그 효력을 인정할 수 없는 종중총회의 결의라도 후에 적법하게 소집된 종중총회에서 이를 추인하면 처음부터 유효로 된다.,o,소집절차의 하자로 무효인 종중총회 결의라도 나중에 적법하게 소집된 종중총회에서 추인하면 소급하여 유효로 된다.
"이사회에서 어느 이사와의 관계사항을 의결하는 경우, 그 이사는 의사 정족 수 산정의 기초가 되는 이사의 수에 포함된다",o,"특별이해관계가 있는 이사는 '의결권' 행사에는 배제되나, 전체 이사 수를 기준으로 하는 '의사정족수' 산정의 기초가 되는 이사 수에는 포함된다."
권원 없이 타인의 토지에 심으 수목은 독립한 물권의 객체가 될 수 없다,o,정당한 권원 없이 타인의 토지에 심은 수목은 토지에 부합하므로 토지 소유자의 소유가 되며 독립한 물권의 객체가 되지 못한다.
관리할 수 있는 자연력은 동산이다,o,"민법 제98조에 따라 전기, 가스 등 관리할 수 있는 자연력은 동산으로 본다."
종물은 주물소유자의 상용에 공여된 물건을 말한다,x,주물 소유자일필요는 없다
독립한 부동산은 종물이 될 수 없다,x,독립한 부동산도 종물이 될 수 있다
구분건물의 전유부분에 대한 가 압류 결정의 효력은 특별한 사정이 없는 한 그 대지권에 미치지 않는다.,x,대지권의 종된 권리성 및 일체성
부첩관계의 종료를 해제조건으로 하는 증여계약은 그 조건뿐만 아니라 그 계약자체도 무효이다,o,"조건이 반사회질서의 법률행위(민법 제103조)에 해당하는 불법조건인 경우, 조건만 무효가 되는 것이 아니라 그 법률행위(계약) 전체가 무효"
위증하기로 하는 계약은 당사자가 무효임을 알고 추인하여도 유효로 될 수 없다.,o,"위증을 조건으로 한 계약은 반사회적 법률행위(제103조)로서 절대적 무효이므로, 당사자가 추인하더라도 유효로 될 수 없다."
이중매매임을 알고 부동산을 매수한 것만으로 제2매매가 사회질서에 반하여 무효인 것은 아니다.,o,제2매수인이 알고 적극가담한 경우 무효/단순히 알고 매수한것만으로는 반사회질서 법률행위로서 무효가 되지 않는다
비자금은 소극적으로 은닉하기 위하여 임치한 것은 사회질서에 반하는 법률행위로 볼 수 없다,o,비자금을 형성한 행위 자체는 불법이더라도 이를 단순히 은닉하기 위해 임치(보관)한 행위까지 반사회적 법률행위로 볼 수 없다.
강제집행을 면할 목적으로 부동산에 허위의 근저당권설정등기를 경료하는 행위는 민법 제103조의 선량한 풍속 기타 사회질서에 위반한 사항을  내용으로 하는 법률행위이다.,x,"강제집행을 면할 목적으로 허위의 근저당권을 설정하는 행위는 통정허위표시(제108조)로서 무효일 뿐, 반사회적 법률행위(제103조)에는 해당하지 않는다."
"대리인에 의하여 행해진 법률행위에서 불공정한 법률행위가 문제되는 경우, 경솔이나 무경험은 대리인을 기준으로 판단한다.",o,"대리인에 의한 법률행위 시 궁박은 '본인'을 기준으로 판단하고, 경솔과 무경험은 '대리인'을 기준으로 판단한다."
대리인에 의한 법률행위가 불공정한 법률행위에 해당하는지 판단함에 있어서 궁박은 대리인을 기준으로 한다,x,궁박만 본인을 기준으로한다
경매목적물과 매각대금이 현저하게 공정을 잃은 경우에는 그 경매는 불공정한 법률행위에 해당하지 않는다,o,경매는 법률의 규정에 의한 국가기관의 처분이므로 민법 제104조(불공정한 법률행위)가 적용되지 않는다.
매매계약이 약정된 매매대금의 과다로 인하여 불공정한 법률행위에 해당하는 경우 무효행위의 전환에 관한 민법 제138조가 적용될 수 없다.,x,"민법 제 138조 , 무효인 법률행위라도 당사자가 그 무효를 알았더라면 '다른 법률행위'를 했을 것으로 인정될 때, 그 다른 법률행위로서의 효력을 인정해 주는 제도입니다."
"사실인 관습은 법령으로서의 효력이 없고, 법률행위 당사자의 의사를 보충함에 그친다.",o,"사실인 관습은 법원(FA원)인 관습법과 달리 법적 규범력이 없으며, 당사자의 의사가 명확하지 않을 때 의사를 보충하는 수단에 그친다."
통정허위표시에 의한 급부는 특별한 사정이 없는한 불법원인급여이다,x,통정허위표시 자체는 불법원인급여가 아닙니다
선의의 제3자에 대해서는 통정허위표시의 당사자 뿐만 아니라 그 누구도 통정허위표시의 무효로 대항할 수 없다,o,"통정허위표시의 무효는 '선의의 제3자'에게 대항하지 못하며(제108조 제2항), 이는 당사자뿐만 아니라 누구나 그 선의의 제3자에 대해 무효를 주장할 수 없음을 의미한다."
통정허위표시의 무효로 대항할 수 없는 제3자는 허위표시의 당사자와 그의 포괄승계인 이외의 자로서 허위표시행위를 기초로 하여 새로운 이해관계를 맺은 자를 말한다,o,통정허위표시의 무효로 대항할 수 없는 제3자란 당사자와 포괄승계인 이외의 자로서 허위표시에 의해 형성된 법률관계를 바탕으로 새로운 법률상 이해관계를 맺은 자를 말한다.
통정허위표시에서 파산관재인은 제3자에 해당하지 않는다,x,파산관제인은 제3자에 해당한다. (참고: 파산관재인의 선의 악의는 파산관재인 개인 기준으로 하는것이 아니라 파산채권자 전체를 기준으로 판단한다. 단 한명이라도 선의라면 파산관재인은 선의의제3자로 보호받는다
가장의 채권양도 후 채무가 변제되지 않고 있는 동안 채권양도가 허위임이 밝혀진 경우에 있어서는 채무자는 통정허위표시에 의하여 외형상 형성된 법률관계를 기초로 하여 새로운 법률상 이해관계를 맺은 제3자에 해당하지 않는다.,o,"원래부터 빚을 지고 있던 채무자는 가짜 채권양도가 일어났다고 해서 새로 거래를 한 사람이 아니므로, 보호받는 제3자가 아니다"
상대방이 표의자의 진의에 동의한 경우 표의자는착오를 이유로 의사표시를 취소할 수 없다.,o,표의자의 진의에 상대방이 동의하여 오봉무해의 원칙에 따라 당사자가 원한 대로 계약이 성립된 경우 착오취소는 허용되지 않는다.
"계약 당시를 기준으로 하여 장래의 미필적 사실의 발생에 대한 기대나 예상이 빗나간 경우, 착오취소는 인정되지 않는다.",o,"착오는 계약 성립 당시 존재하는 객관적 사실에 대해 실제와 다르게 잘못 인식한 경우여야 합니다. 단순한 '장래에 대한 예측이나 기대'가 어긋난 것은 착오의 범주에 들어가지 않으며, 주로 단순한 '동기의 착오'나 '주관적 사정'에 불과합니다."
채무자의 동일성에 관한 물상보증인의 착오는 법률행위 내용의 중요부분에 관한 착오에 해당하지 않는다.,x,"대법원 판례에 따르면, 채무자의 동일성에 관한 물상보증인의 착오는 법률행위 내용의 중요부분에 관한 착오에 해당하여 취소할 수 있습니다 (대법원 1995. 12. 22. 선고 95다37494 판결)."
매매계약에서 매수인이 목절물의 시가에 관해 착오를 하였더라도 이는 원칙적으로 중요부분의 착오에 해당하지 않는다.,o,부동산의 시가(가격)에 관한 착오는 특별한 사정이 없는 한 법률행위 내용의 중요부분에 관한 착오로 보지 않습니다(판례).
"착오로 인하여 표의자가 경제적인 불이익을 입지 않았다면, 법률행위 내용의 중요부분의 착오라고 할 수 없다.",o,"착오로 인해 표의자에게 아무런 경제적 불이익이 발생하지 않은 경우, 중요부분의 착오라고 볼 수 없어 취소할 수 없습니다(판례)."
착오로 인한 의사표시에서 착오가 법률행위 내용의 중요부분에 관한 것이라는 점과 중대한 과실이 없었다는 점은 표의자가 증명하여야 한다.,x,"착오가 중요부분에 해당한다는 점은 표의자(취소하려는 자)가 증명하여야 하지만, 표의자에게 '중대한 과실'이 있었다는 점은 상대방(취소를 저지하려는 자)이 증명하여야 합니다."
매도인이 매매계약을 적법하게 해제한 후에도 매수인은 그 매매계약을 착오로 취소할 수 있다.,o,"매도인이 매수인의 채무불이행을 이유로 계약을 적법하게 해제한 후라도, 매수인은 해제로 인한 손해배상책임을 면하기 위해 착오를 이유로 취소권을 행사하여 계약 전체를 무효로 만들 수 있습니다(판례)."
매도인의 하자담보책임이 성립하더라도 착오를 이유로 한 매수인의 취소권은 배제되지 않는다,o,"매도인의 하자담보책임이 성립하더라도 매수인의 착오 취소권은 경합하여 인정되므로, 매수인은 착오를 이유로 매매계약을 취소할 수 있습니다(판례)."
부작위에 의한 기망행위로도 사기에 의한 의사표시가 성립할 수 있다.,o,상대방에게 고지의무가 있는 사항에 대해 침묵(부작위)하는 경우에도 불법적인 기망행위가 성립하여 사기에 의한 의사표시가 될 수 있습니다.
교환계약의 당사자가 자기소유 목절물의 시가를 묵비하였다면 특별한 사정이 없는 한 기망행위가 성립한다,x,"교환계약에서 당사자 일방이 자기가 소유하는 목적물의 시가를 묵비하거나 시가보다 높은 가액을 시가라고 고지하였더라도, 관행상 허용되는 상술에 불과하여 기망행위에 해당하지 않습니다(판례)."
"甲은 乙의 기망으로 그 소유의 x토지를 丙에게 팔았고, 丙은 그의 채권자 丁에게 x토지에 근저당을 설정하였다. 甲은 기망행위를 이유로 매매계약을 취소하려고 한다. 甲은 丙이 그의 잘못없이 기망사실을 몰랐을때에만 매매계약을 취소할 수 있다.",x,제3자의 사기의 경우 취소하기 위해서는 상대방이 악의이거나 과실이 있을때 가능
"제3자에 의한 사기행위로 계약을 체결한 경우, 표의자는 먼저 그 계약을 취소하여야 제3자에 대하여 불법행위로 인한 손해배상 청구할 수 있다.",x,"제3자의 사기로 계약을 체결한 경우, 그 계약을 취소하지 않고서도 제3자에 대하여 직접 불법행위로 인한 손해배상을 청구할 수 있습니다(대법원 판례)."
재단법인 설립행위의 효력발생을 위해서는 의사표시의 도달이 요구되지 않는다.,o,재단법인의 설립행위는 상대방 없는 단독행위이므로 의사표시의 도달이 요구되지 않고 행위가 완료되면 바로 효력이 발생합니다.
상대방이 현실적으로 통지를 수령하거나 그 내용을 안때에 도달한 것으로 본다.,x,"도달주의에서 '도달'이란 상대방이 현실적으로 통지를 수령하거나 안 것을 의미하는 것이 아니라, 상대방의 지배권 내에 들어가 객관적으로 알 수 있는 상태에 이른 것을 의미합니다."
도달주의 원칙을 정하는 민법제 111조는 임의규정이므로 당사자는 약정으로 의사표시의 효력발생시기를 정할 수 있다.,o,민법 제111조의 도달주의 규정은 임의규정이므로 당사자 간의 약정으로 의사표시의 효력발생 시기를 달리 정할 수 있습니다.
제한능력자는 원칙적으로 의사표시의 수령무능력자이다.,o,"제한능력자(미성년자, 피성년후견인, 피한정후견인)는 의사표시의 수령무능력자로서 그에 대한 의사표시의 도달을 대항할 수 없습니다(민법 제112조)."
미성년자는 그 행위능력이 제한되고 있는 범위에서 수령 무능력자이다.,o,미성년자는 독자적으로 법률행위를 할 수 있는 범위를 제외하고는 원칙적으로 수령무능력자에 해당합니다.
표의자가 과실로 상대방을 알지 못하는 경우에는 민사소송법 공시송달 규정에 의하여 의사표시의 효력을 발생시킬 수 있다.,x,"과실 없이 상대방을 알지 못하거나 상대방의 소재를 알지 못하는 경우에만 공시송달을 할 수 있으며, '과실로' 알지 못한 경우에는 공시송달을 이용할 수 없습니다(민법 제113조)."
"대리인이 대리권범위안에서 현명하게 상대방과 통정허위표시를 한 경우, 본인이 선의라면 특별한 사정이 없는 한 그는 허위표시의 유효를 주장할 수 있다.",x,"대리행위의 하자 유무는 대리인을 기준으로 판단하므로(민법 제116조 제1항), 대리인이 통정허위표시를 한 경우 본인의 선의 여부와 관계없이 무효가 됩니다."
대리인에 의한 법률행위에서 착오는 유무는 대리인을 표준으로 판단한다.,o,"대리인에 의한 법률행위에서 의사표시의 하자(착오, 사기, 강박 등) 유무는 대리인을 기준으로 판단합니다(민법 제116조 제1항)."
대리인의 법률행위 효과는 본인에게 귀속되므로 의사표시의 하자의 유무는 본인을 기준으로 판단한다,x,의사표시의 하자의 유무는 본인이 아니라 대리인을 기준으로 판단합니다(민법 제116조 제1항).
본인의 묵시적 승낙에 기초한 임의대리인의 복임권 행사는 허용되지 않는다.,x,본인의 묵시적 승낙에 기초한 임의대리인의 복임권 행사도 유효하게 허용됩니다.
"임의대리인이 본인의 승낙을 얻어 복대리인을 선임한 경우, 본인에 대하여 그 선임감독에 관한 책임이 없다.",x,임의대리인이 본인의 승낙이나 부득이한 사유로 복대리인을 선임한 때에는 본인에 대하여 그 선임감독에 관한 책임이 있습니다(민법 제121조 제1항).
"법정대리인이 부득이한 사유로 복대리인을 선임한 경우, 그 선임감독에 대한 책임만이 있다.",o,법정대리인이 부득이한 사유로 복대리인을 선임한 경우에는 본인에 대하여 선임·감독상의 책임만을 집니다(민법 제122조 단서).
대리인이 복대리인을 선임한  후 사망하더라도 특별한 사정이 없는 한 그 복대리권은 소멸하지 않는다,x,"복대리권은 대리권의 존재를 전제로 하므로, 대리인이 사망하여 대리권이 소멸하면 복대리권도 당연히 소멸합니다."
복대리인이 선임한 대리인은 모두 법정대리인이다,x,"복대리인은 대리인이 선임한 '본인의 대리인'이며, 대리인이 선임하였더라도 항상 임의대리인입니다."
복대리인의 대리행위에 대해서는 표현대리가 성립할 수 없다,x,"복대리인의 대리행위에 대해서도 민법 제125조, 제126조, 제129조의 표현대리가 적용되어 성립할 수 있습니다."
상대방의 유권대리 주장에는 표현대리의 성립 역시 포함되므로 법원은 표현대리의 성립여부까지 판단해야한다.,x,"유권대리의 주장 속에 표현대리의 주장이 당연히 포함되는 것은 아니므로, 법원이 표현대리의 성립 여부를 판단하지 않아도 변론주의 위반이 아닙니다(판례)."
표현대리를 주장할때에는 무권대리인과 표현대리에 해당하는 무권대리 행위를 특정하여 주장하여야 한다.,o,표현대리를 주장할 때에는 무권대리인과 해당 표현대리 행위를 특정하여 주장하여야 합니다.
"표현대리가 성립하는 경우, 상대방에게 과실이 있으면 과실상계의 법리가 적용된다.",x,표현대리가 성립하여 본인이 책임을 지는 경우 상대방에게 과실이 있더라도 과실상계의 법리를 적용하여 본인의 책임을 감경할 수 없습니다(대법원 판례).
"대리권 소멸 후의 표현대리가 인정되는 경우, 그표현대리의 권한을 넘은 대리행위가 있을때 권한을 넘은 표현대리가 성립할 수 있다.",o,대리권 소멸 후의 표현대리(제129조)가 인정되는 경우에도 그 권한을 넘은 대리행위가 있을 때에는 권한을 넘은 표현대리(제126조)가 성립할 수 있습니다.
정당한 이유의 유무는 대리행위 당시와 그 이후 사정을 고려하여 판단한다.,x,오직 대리행위에 대해서만 판단한다.
대리행위가 대리권을 제한하는 강행규정을 위반하여 권한을 넘은 경우에는 표현대리가 인정되지 않는다.,o,강행법규 위반으로 무효인 법률행위에 대해서는 표현대리 법리가 적용될 수 없습니다.
권한을 넘은 표현대리의 규정은 법정대리에는 적용되지 않는다.,x,민법 제126조 권한을 넘은 표현대리 규정은 임의대리뿐만 아니라 법정대리에도 적용됩니다.
본인의 성년후견의 개시는 대리권의 소멸사유가 아니다.,o,"대리인의 성년후견 개시는 대리권 소멸사유이지만(민법 제127조 제2호), 본인의 성년후견 개시는 대리권 소멸사유가 아닙니다."
행위능력자인 임의대리인이 성년후견개시 심판을 받아 제한능력자가 되면 그의 대리권은 소멸한다,o,임의대리인이 성년후견개시의 심판을 받으면 대리권이 소멸합니다(민법 제127조 제2호).
본인이 대리권의 수여표시에 의한 표현대리 또는 대리권 소멸후의 표현대리로 인하여 책임을 지기 위해서는 상대방이 선의 무과실이어야 한다.,o,대리권 수여표시에 의한 표현대리(제125조) 및 대리권 소멸 후의 표현대리(제129조)에서 본인이 책임을 지기 위해서는 상대방이 선의·무과실이어야 합니다.
대리인이 자신의 이익을 도모하기 위하여 대리권을 남용한 경우는 무권대리에 해당한다.,x,"대리권 남용은 원칙적으로 유효(대리권 범위 내의 행위)하며, 상대방이 알았거나 알 수 있었을 때(민법 제107조 제1항 단서 유추적용) 무효가 되는 것이지 무권대리가 되는 것은 아닙니다."
"무권대리인이 무권대리행위 후 본인을 단독상속한 경우, 그 무권대리행위가 무효임을 주장하는 것은 신의칙에 반하지 않는다.",x,무권대리인이 본인을 단독상속한 후 자신이 한 무권대리행위의 무효를 주장하는 것은 금반언 및 신의칙에 반하여 허용되지 않습니다.
"상대방이 계약 당시 대리인의 대리권 없음을 알았다면, 상대방은 상당한 기간을 정하여 본인에게 추인여부를 확답을 최고할 수 없다.",x,상대방이 악의(대리권 없음을 안 경우)이더라도 본인에 대하여 상당한 기간을 정하여 추인 여부의 확답을 최고할 수 있습니다(민법 제131조).
